name,hazardous,min_diameter_km,max_diameter_km,velocity_kph,miss_distance_km,orbiting_body
433 Eros (A898 PA),False,22.0067027115,49.2084832235,20083.0290749201,47112732.928149395,Earth
719 Albert (A911 TB),False,2.0256060086,4.529392731,12405.7044108262,255628984.35594097,Juptr
887 Alinda (A918 AA),False,4.5978518828,10.2811093604,25545.5050715949,20461808.59911762,Earth
1036 Ganymed (A924 UB),False,38.7752830381,86.70416872,22693.9190798868,292651826.17328167,Juptr
1221 Amor (1932 EA1),False,0.8923905787,1.9954459964,38772.6266119612,27512874.49403824,Earth
1566 Icarus (1949 MA),True,1.3018321019,2.9109850751,97229.0222765759,12638630.577981211,Earth
1580 Betulia (1950 KA),False,3.0942469862,6.9189466003,40887.556937086,276689988.3141728,Juptr
1620 Geographos (1951 RA),True,2.3472263753,5.2485577338,42346.1238907982,5071250.179154606,Earth
1627 Ivar (1929 SH),False,7.3207398935,16.3696720474,23579.5334280787,24911350.57033978,Earth
1685 Toro (1948 OA),False,3.7030107822,8.2801838305,58086.295191184,26483636.032191083,Earth
1862 Apollo (1932 HA),True,1.6164228334,3.6144313359,41906.5693097868,9839828.72675955,Venus
1863 Antinous (1948 EA),False,2.1505769,4.8088361393,65086.24556489,13378690.522801436,Mars
1864 Daedalus (1971 FA),False,2.8612445378,6.3979372868,76038.4446268147,22024825.739892863,Venus
1865 Cerberus (1971 UA),False,1.1656145947,2.6063934693,55180.377247365,49946927.09224927,Earth
1866 Sisyphus (1972 XA),False,8.4441312798,18.8816515525,83065.5643185418,29534088.129173607,Earth
1915 Quetzalcoatl (1953 EA),False,0.5604733623,1.2532565376,54435.5501077667,3789658.286758657,Earth
1916 Boreas (1953 RA),False,2.7324673204,6.1099826748,0.0,0.0,UNKNOWN
1917 Cuyo (1968 AA),False,3.536347843,7.907514169,54844.1633676078,16872242.23565602,Earth
1943 Anteros (1973 EC),False,1.9344387205,4.3255364773,25928.2922403221,18431472.889783904,Earth
1980 Tezcatlipoca (1950 LA),False,4.5978518828,10.2811093604,0.0,0.0,UNKNOWN
1981 Midas (1973 EA),True,2.4129869692,5.395602892,113050.5623631292,23199911.458661888,Earth
2059 Baboquivari (1963 UA),False,1.6926024946,3.7847742368,11660.413999084,207416502.58300328,Juptr
2061 Anza (1960 UA),False,1.214940408,2.7166893409,24822.4379983401,10260840.755678441,Earth
2062 Aten (1976 AA),False,1.0059003902,2.249261651,40567.7550002054,18835343.845160324,Earth
2063 Bacchus (1977 HB),False,0.9606274149,2.1480282008,37400.8039188775,9959874.809122944,Venus
2100 Ra-Shalom (1978 RA),False,1.5085335612,3.3731835891,64782.5048421703,12234329.693286197,Merc
2101 Adonis (1936 CA),True,0.4792421155,1.071617948,69588.0849150893,28139969.347274713,Earth
2102 Tantalus (1975 YA),True,1.6770846216,3.750075218,116367.3227831494,49216305.7856801,Earth
2135 Aristaeus (1977 HA),True,0.6524616298,1.4589485569,98776.0299183462,71380028.48041442,Earth
2201 Oljato (1947 XC),True,2.2519304668,5.0354696043,91244.2564779034,25845172.05499014,Earth
2202 Pele (1972 RA),False,1.0630531449,2.3770590956,23378.1491064097,22477105.54873577,Earth
2212 Hephaistos (1978 SB),False,5.3034072332,11.8587790858,105916.1255916163,17637404.014912043,Venus
2329 Orthos (1976 WA),False,3.2251875645,7.2117386345,84326.1161612828,72695339.82246709,Earth
2340 Hathor (1976 UA),True,0.2180494405,0.4875733714,62969.6371285868,11911205.968456928,Merc
2368 Beltrovata (1977 RA),False,2.4578477463,5.4959146391,0.0,0.0,UNKNOWN
2608 Seneca (1978 DA),False,0.8483107619,1.8968805296,61685.3221529083,25771799.401042502,Earth
3102 Krok (1981 QA),False,1.5579552413,3.4836938254,22059.1617892003,29746627.83691698,Earth
3103 Eger (1982 BB),False,2.3150212221,5.176544822,61046.8923943937,26405147.011411157,Earth
3122 Florence (1981 ET3),True,4.0602705828,9.0790410302,50235.8172985465,7837812.477648522,Earth
3199 Nefertiti (1982 RA),False,2.6457875993,5.9161609261,48319.8956008063,7046928.900463848,Mars
3200 Phaethon (1983 TB),True,3.5039264111,7.8350176433,121960.0421719265,22346295.256355032,Venus
3271 Ul (1982 RB),False,1.2839702958,2.8710448625,47393.6105099236,65291489.11887678,Earth
3288 Seleucus (1982 DV),False,2.2727673228,5.0820622309,23403.1851156365,20895360.908845857,Earth
3352 McAuliffe (1981 CW),False,1.7161489408,3.8374256911,0.0,0.0,UNKNOWN
3360 Syrinx (1981 VA),False,1.6464743776,3.6816286314,81229.6047384436,13338427.048959646,Venus
3361 Orpheus (1982 HR),True,0.3255029858,0.727846803,76934.4392799655,63868144.53805979,Earth
3362 Khufu (1984 QA),True,0.5254785303,1.1750057146,108037.2079069855,72881438.22636625,Earth
3551 Verenia (1983 RD),False,1.2038017674,2.6917825833,28810.4494463952,12754489.206526289,Earth
3552 Don Quixote (1983 SA),False,6.5547325584,14.6568275748,42666.7792311486,90060440.67815797,Juptr
3553 Mera (1985 JA),False,1.3821493588,3.0905799213,0.0,0.0,UNKNOWN
3554 Amun (1986 EB),False,1.7480545317,3.9087687612,53593.3830688232,58971083.96452386,Earth
3671 Dionysus (1984 KD),True,1.3383046182,2.9925401008,11968.349214867,275200659.7481271,Juptr
3691 Bede (1982 FT),False,2.7199127735,6.0819098544,37914.6690930388,52099228.71829145,Earth
3752 Camillo (1985 PA),False,2.4691926561,5.5212826285,104764.5724094471,14064861.365463892,Earth
3753 Cruithne (1986 TO),False,2.1704759431,4.8533317522,59753.238645226,13746248.510088094,Earth
3757 Anagolay (1982 XB),True,0.4174024334,0.933340215,39218.8237144762,27345733.65581801,Earth
3838 Epona (1986 WA),False,1.9794975866,4.426291165,71162.2513831187,7402723.752916027,Mars
3908 Nyx (1980 PA),False,0.8601119401,1.9232687664,34977.1996743998,13926110.14886739,Mars
3988 Huma (1986 LA),False,0.6863647587,1.5347582577,26387.9652914671,8206416.543000942,Mars
4015 Wilson-Harrington (1979 VA),True,1.536579294,3.4358957542,31701.5587859076,7860397.821594541,Earth
4034 Vishnu (1986 PA),True,0.5352479056,1.1968507018,54636.5800596334,10094312.2514597,Venus
4055 Magellan (1985 DO2),False,2.7324673204,6.1099826748,0.0,0.0,UNKNOWN
4179 Toutatis (1989 AC),True,2.3257068746,5.2004386672,44403.6132967565,23118432.290616184,Earth
4183 Cuno (1959 LM),True,3.9134066315,8.7506432516,64644.5647929481,11911798.450821063,Mars
4197 Morpheus (1982 TA),False,2.6825941712,5.9984629228,102825.7418727533,26640611.380989283,Earth
4257 Ubasti (1987 QA),False,1.7082639526,3.8197943216,81454.5220367293,5900843.521663036,Mars
4341 Poseidon (1987 KF),False,1.6164228334,3.6144313359,66353.3110264709,13539065.90206942,Venus
4401 Aditi (1985 TB),False,1.5869197917,3.5484605292,64479.1659029158,55084708.62027917,Earth
4450 Pan (1987 SY),True,0.930154254,2.0798881414,77122.7497562692,14855009.130565183,Venus
4486 Mithra (1987 SB),True,2.0070351411,4.4878670088,79937.7172743942,26278354.244628202,Earth
4487 Pocahontas (1987 UA),False,0.8483107619,1.8968805296,0.0,0.0,UNKNOWN
4503 Cleobulus (1989 WM),False,1.8220277059,4.0741778073,16637.0806834172,203480043.4725798,Juptr
4544 Xanthus (1989 FB),False,0.8923905787,1.9954459964,29616.6965665098,9723900.236009182,Venus
4581 Asclepius (1989 FC),True,0.1890405519,0.4227075246,45510.4484717792,16533200.938423863,Venus
4596 (1981 QB),False,1.3631855586,3.0481755751,88491.390213978,60342675.162214346,Earth
4660 Nereus (1982 DB),True,0.4726666672,1.0569147985,19961.5141789709,3111379.539567199,Earth
4688 (1980 WF),False,0.3195618867,0.7145621017,57458.0158972366,59574121.70004968,Earth
4769 Castalia (1989 PB),True,0.8680704579,1.9410645532,56391.40723946,9859361.212012691,Venus
4947 Ninkasi (1988 TJ1),False,0.6435095206,1.4389310323,30454.3019641354,33358078.244469833,Earth
4953 (1990 MU),True,2.7832676807,6.2235757337,68455.1106378083,18036380.083102703,Venus
4954 Eric (1990 SQ),False,8.2140052596,18.3670741281,45096.7453755905,10542556.208965747,Mars
4957 Brucemurray (1990 XJ),False,2.5267075415,5.6498898221,55183.3323026134,11941824.20938919,Mars
5011 Ptah (6743 P-L),True,1.214940408,2.7166893409,55202.5859409122,6011396.482231119,Mars
5131 (1990 BG),False,2.8744514425,6.4274688236,92816.1782603266,57570319.14765234,Earth
5143 Heracles (1991 VL),False,4.0790119403,9.1209479795,21807.3492929715,270323268.9308498,Juptr
5189 (1990 UQ),True,0.7187121332,1.607089186,39386.5977363408,5402908.38766844,Mars
5324 Lyapunov (1987 SL),False,2.2623249055,5.058712276,44615.1419276587,27428041.281907987,Earth
5332 Davidaguilar (1990 DA),False,2.6949764633,6.0261505697,0.0,0.0,UNKNOWN
5370 Taranis (1986 RA),False,2.3908645717,5.3461357073,47562.8907134484,19827641.581375834,Earth
5381 Sekhmet (1991 JY),False,1.2038017674,2.6917825833,83186.5722065089,19772812.017248522,Earth
5496 (1973 NA),False,1.5651464359,3.4997738255,137212.7488058387,11447613.613563983,Earth
5587 (1990 SB),False,4.431543091,9.9092315966,12816.2993334355,294494433.6099226,Juptr
5590 (1990 VA),False,0.2770479727,0.6194981001,46599.5205997074,4838845.235615849,Venus
5604 (1992 FE),True,0.8882904164,1.9862777548,53557.6578926263,15099448.370037582,Earth
5620 Jasonwheeler (1990 OA),False,1.0059003902,2.249261651,0.0,0.0,UNKNOWN
5626 Melissabrucker (1991 FE),False,3.602093458,8.0545258335,34036.9587788996,6958019.729807791,Mars
5645 (1990 SP),False,0.9518203298,2.1283349598,68406.7528646006,53640272.9089613,Earth
5646 (1990 TR),False,2.1016237932,4.6993736648,18500.5154889792,45575273.207163244,Earth
5653 Camarillo (1992 WD5),False,1.5154966357,3.3887534971,31398.2282080586,14848702.95203363,Mars
5660 (1974 MA),False,2.2312846442,4.9893041415,134061.6690835837,47210761.345604055,Earth
5693 (1993 EA),True,1.1709948272,2.6184240349,91186.1940440056,20577254.412340436,Venus
5731 Zeus (1988 VP4),False,2.1406958967,4.7867415442,63866.7708169831,35197879.9580991,Earth
5751 Zao (1992 AC),False,2.7324673204,6.1099826748,0.0,0.0,UNKNOWN
5786 Talos (1991 RC),False,0.9875406389,2.2082079992,0.0,0.0,UNKNOWN
5797 Bivoj (1980 AA),False,0.4431543091,0.9909231597,23566.4196796821,15718713.031401664,Earth
5828 (1991 AM),False,1.7082639526,3.8197943216,0.0,0.0,UNKNOWN
5836 (1993 MF),False,2.6702687706,5.9709024892,8910.6003372428,263006695.59930936,Juptr
5863 Tara (1983 RB),False,1.8053232555,4.0368255207,47641.1715547628,36078130.78957755,Earth
5869 Tanith (1988 VN4),False,0.9562137328,2.1381589077,34859.9564357334,49353730.742360115,Earth
5879 Almeria (1992 CH1),False,0.7990150812,1.7866520367,41877.7806416213,25530591.236205515,Earth
6037 (1988 EG),True,0.4493191996,1.004708274,36707.6487448541,24873142.137397967,Earth
6047 (1991 TB1),False,0.7187121332,1.607089186,76660.0150309794,68292739.43384267,Earth
6050 Miwablock (1992 AE),False,2.7324673204,6.1099826748,24146.6175955972,10870276.193712682,Mars
6053 (1993 BW3),False,2.5383702936,5.6759685287,56804.5616452664,5710526.697186458,Mars
6063 Jason (1984 KB),False,1.6617090174,3.7156943217,106963.8330020144,21335026.356014196,Venus
6178 (1986 DA),False,1.9167036797,4.2858797205,35723.5889256923,59764337.20188891,Earth
6239 Minos (1989 QF),True,0.5088092249,1.1377320144,67001.0413598028,29226848.45186456,Earth
6455 (1992 HE),False,4.041615334,9.0373266258,0.0,0.0,UNKNOWN
6456 Golombek (1992 OM),False,1.6313794097,3.6478752572,15500.0513389748,64732081.018704765,Earth
6489 Golevka (1991 JX),True,0.3806755436,0.8512163929,42274.3614137096,12929666.158086961,Mars
6491 (1991 OA),True,0.4792421155,1.071617948,21485.4831962423,21995931.58449278,Earth
6569 Ondaatje (1993 MO),False,1.2547435637,2.8056919027,42519.5585528749,67373996.9656947,Earth
6611 (1993 VW),False,1.1390819672,2.5470647106,48120.1813272449,19339112.712653227,Earth
7025 (1993 QA),False,0.6435095206,1.4389310323,51029.2348546453,62034342.86588092,Earth
7088 Ishtar (1992 AA),False,1.1390819672,2.5470647106,17212.4363619469,35509713.6064784,Earth
7092 Cadmus (1992 LC),False,2.5150983749,5.6239309364,77797.5433988944,19256887.48507005,Earth
7236 (1987 PA),False,0.5761757511,1.2883681464,38371.3590827297,26499860.609342787,Earth
7335 (1989 JA),True,0.7665755735,1.7141150923,53780.4619486362,9668051.52143271,Earth
7336 Saunders (1989 RS1),False,0.4619074603,1.0328564805,19489.7912346926,29293055.816632804,Earth
7341 (1991 VK),True,1.0778416872,2.4101272816,46199.5579348024,19205793.738791525,Earth
7350 (1993 VA),False,0.9830033019,2.1980622051,19877.7828632458,20604719.399449263,Venus
7358 Oze (1995 YA3),False,3.0238133257,6.7614521476,18996.9728116708,18502379.467723947,Earth
7474 (1992 TC),False,0.6405528629,1.4323197447,9161.962416398,25755122.559610218,Earth
7480 Norwan (1994 PC),False,0.9474471126,2.118556149,30437.4345192835,13483498.251971103,Mars
7482 (1994 PC1),True,1.2721987854,2.844722965,68295.7911788888,12398722.77766941,Earth
7753 (1988 XB),True,0.6645917971,1.4860724357,56744.9140438883,12475400.587117676,Earth
7822 (1991 CS),True,0.9048049682,2.0232054153,68514.9696969829,14008925.001495387,Earth
7839 (1994 ND),False,0.7220295577,1.6145071727,53236.3089012617,45954603.35003594,Earth
7888 (1993 UC),False,2.4353140627,5.4455277909,82838.2220980585,25081782.606579367,Earth
7889 (1994 LX),False,2.3257068746,5.2004386672,79524.4267869001,18765853.899210032,Venus
7977 (1977 QQ5),False,2.4691926561,5.5212826285,50310.7781873483,11462293.906863462,Mars
8013 Gordonmoore (1990 KA),False,1.0152078719,2.2700738128,5008.3183384848,293254206.5159276,Juptr
8014 (1990 MF),True,0.4451998164,0.9954970531,35954.6943440319,6682779.246328761,Earth
8034 Akka (1992 LR),False,0.6615382752,1.4792445531,28149.2000217475,23369938.338990152,Earth
8035 (1992 TB),False,1.0012786977,2.2389272325,77903.2203736385,53379342.47901329,Earth
8037 (1993 HO1),False,1.2547435637,2.8056919027,10120.1909698916,74341119.68101263,Earth
8176 (1991 WA),False,1.0533070151,2.3552660868,103111.5442246398,6453389.507699002,Venus
8201 (1994 AH2),False,1.7240703244,3.8551384433,56344.2221354962,11059359.359354304,Venus
8507 (1991 CB1),False,0.9606274149,2.1480282008,68102.695427684,20976082.99199106,Venus
8566 (1996 EN),True,1.3506877983,3.0202297334,83657.1643503005,3837113.752999631,Earth
8567 (1996 HW1),False,2.2519304668,5.0354696043,22579.5901942416,18277980.912428867,Earth
8709 Kadlu (1994 JF1),False,1.0246014747,2.2910785472,13313.1526897833,40912108.90337231,Earth
9058 (1992 JB),False,0.7320739893,1.6369672047,41120.9097432257,14499308.285414513,Earth
9162 Kwiila (1987 OA),False,0.6615382752,1.4792445531,73803.9402051948,19593715.377097048,Earth
9172 Abhramu (1989 OB),False,1.2489785407,2.7928009194,19330.8163124354,71663715.11003578,Earth
9202 (1993 PB),False,1.5942446807,3.5648394788,118404.0035546087,16633119.6147247,Venus
9400 (1994 TW1),False,2.8612445378,6.3979372868,71602.856090199,13046609.580626557,Mars
9856 (1991 EE),True,1.0059003902,2.249261651,50560.3546376738,9138971.322646862,Earth
9950 ESA (1990 VB),False,1.5224918504,3.4043952726,44442.4724986648,66953853.38233073,Earth
10115 (1992 SK),True,1.0105434154,2.2596437711,31328.3156392855,7517055.795036902,Mars
10145 (1994 CK1),False,1.0581688593,2.3661375011,39649.8823466533,11150117.529763987,Venus
10150 (1994 PN),False,2.1505769,4.8088361393,0.0,0.0,UNKNOWN
10165 (1995 BL2),False,0.8965096664,2.0046565566,77773.437152177,17620265.409734424,Venus
10302 (1989 ML),False,0.3424167308,0.7656670868,9037.125964194,12793676.174095558,Earth
10563 Izhdubar (1993 WD),False,1.0878148336,2.4324279148,125743.8823540567,44011497.36583051,Earth
10636 (1998 QK56),False,0.7701139256,1.7220270881,41798.9910852925,18147207.57072202,Earth
10860 (1995 LE),False,1.0484675089,2.3444446221,33750.6875748693,11188312.79809324,Mars
11054 (1991 FA),False,1.0246014747,2.2910785472,16176.8602334511,20153895.432197835,Earth
11066 Sigurd (1992 CC1),False,2.4129869692,5.395602892,79379.793964247,21553474.222196203,Earth
11284 Belenus (1990 BA),False,0.5923180627,1.3244634524,32584.5829156284,14302316.553576404,Mars
11311 Peleus (1993 XN2),False,1.8904055193,4.2270752462,56891.2763300112,19119177.783804275,Earth
11398 (1998 YP11),False,1.4078454339,3.1480380919,36383.0388594451,29870182.40820591,Earth
11405 (1999 CV3),False,2.4019003012,5.3708123486,56544.5252784892,18442573.96428491,Earth
11500 Tomaiyowit (1989 UR),True,0.5630603897,1.2590413069,34216.0603313347,13961678.373880932,Earth
11885 Summanus (1990 SS),False,0.5254785303,1.1750057146,38581.7433705036,39801430.03428757,Earth
12538 (1998 OH),True,1.7004151927,3.8022439609,53378.54421732,16101185.043699889,Earth
12711 Tukmit (1991 BB),False,1.6464743776,3.6816286314,69293.7843271495,57617397.22334667,Earth
12923 Zephyr (1999 GK4),True,1.8388867207,4.1118757104,49649.1020606282,27827973.86391964,Earth
13553 Masaakikoyama (1992 JE),False,1.3078410858,2.9244215717,38226.1573908918,61229102.14175575,Earth
13651 (1997 BR),True,0.7023522477,1.57050737,51786.2078456162,21090464.7903635,Earth
14402 (1991 DB),False,0.4683332331,1.0472249454,63520.7719791143,69317250.00460634,Earth
14827 Hypnos (1986 JK),True,0.4597851883,1.028110936,25598.7154233324,141189149.83391255,Juptr
15745 Yuliya (1991 PM5),False,0.876102615,1.9590250023,25969.5614199177,47658064.6765829,Earth
15817 Lucianotesi (1994 QC),False,0.5377184977,1.2023751136,25639.2410347306,37532547.89517862,Earth
16064 Davidharvey (1999 RH27),False,1.128638801,2.523713081,26948.2064183553,282807827.28621763,Juptr
16636 (1993 QP),False,0.4661814374,1.0424133839,13362.3549198291,73207578.51744515,Earth
16657 (1993 UB),False,1.3018321019,2.9109850751,0.0,0.0,UNKNOWN
16816 (1997 UF9),False,1.5085335612,3.3731835891,85921.4876132894,58737408.45635562,Earth
16834 (1997 WU22),False,1.8817198949,4.2076535996,48039.5480003183,28767353.821987506,Earth
16912 Rhiannon (1998 EP8),False,0.6959130436,1.5561088719,47489.4299132658,8365932.617143859,Mars
16960 (1998 QS52),True,3.5200998005,7.8711824416,29447.7245623338,248012802.6635555,Juptr
17181 (1999 UM3),False,1.1763998937,2.6305101311,19769.9207307181,168438513.58906168,Juptr
17182 (1999 VU),False,0.9920989194,2.2184006242,48045.3710499814,29112432.186142873,Earth
17188 (1999 WC2),False,1.3949382293,3.1191767052,67794.1609952423,25910753.9660237,Earth
17274 (2000 LC16),False,1.1234531767,2.5121176727,14997.7892737736,211728115.2283267,Juptr
17511 (1992 QN),False,0.9131770255,2.0419259045,54323.1265075474,29732068.972208582,Earth
18106 Blume (2000 NX3),False,0.7388477866,1.6521138758,17993.1510932702,33074858.285403937,Earth
18109 (2000 NG11),False,0.9695159909,2.167903661,7747.6801457175,28809322.965863675,Earth
18172 (2000 QL7),False,1.9344387205,4.3255364773,20133.1827212307,72586693.65130982,Earth
18736 (1998 NU),False,1.6848256925,3.7673847787,4402.8112091483,74422215.35491858,Earth
18882 (1999 YN4),False,1.5651464359,3.4997738255,0.0,0.0,UNKNOWN
19356 (1997 GH3),False,1.0533070151,2.3552660868,29134.6217564034,21794151.71850894,Earth
19764 (2000 NF5),False,1.5942446807,3.5648394788,3035.1965895872,296722733.4821288,Juptr
20086 (1994 LW),False,1.2261821132,2.7418265579,27372.6823455675,158928761.22293857,Juptr
20236 (1998 BZ7),True,0.7665755735,1.7141150923,41031.8721519818,10181490.51492071,Earth
20255 (1998 FX2),False,0.5426939457,1.2135005535,58421.0456657816,61214850.62587126,Earth
20425 (1998 VD35),True,0.2101623793,0.4699373665,51970.594687807,11271381.323829396,Earth
20429 (1998 YN1),False,0.7560577624,1.6905965516,36174.6183290087,23764995.3020217,Earth
20460 Robwhiteley (1999 LO28),False,2.1905591097,4.898239078,67006.7232809926,12646806.131496286,Mars
20790 (2000 SE45),False,1.2489785407,2.7928009194,36751.654428647,71535914.53232221,Earth
20826 (2000 UV13),False,4.5139316282,10.0934579665,31444.3230638176,186440801.73877114,Juptr
21088 Chelyabinsk (1992 BL2),False,3.5690692667,7.9806814968,66474.2800150823,14756412.719917703,Mars
21277 (1996 TO5),False,1.5436718218,3.4517551284,55834.2412572308,5000363.677248716,Mars
21374 (1997 WS22),False,0.8640820365,1.9321461716,33456.1542717704,13420538.731759496,Mars
22099 (2000 EX106),False,0.6405528629,1.4323197447,34602.846132528,60874853.14393343,Earth
22753 (1998 WT),True,0.77366861,1.729975604,63892.5680456161,11361539.621740166,Venus
22771 (1999 CU3),False,1.0778416872,2.4101272816,63335.8215929156,13303041.662462818,Earth
23183 (2000 OY21),False,1.6313794097,3.6478752572,97855.7249036747,68418842.95835917,Earth
23187 (2000 PN9),True,1.6313794097,3.6478752572,105322.615626956,21810885.332332894,Earth
23548 (1994 EF2),False,0.930154254,2.0798881414,78048.3241738098,73587789.028823,Earth
23606 (1996 AS1),False,0.5578982211,1.2474983468,45578.0910379712,54342076.98335514,Earth
23714 (1998 EC3),False,1.133848361,2.5353620113,36057.4488360338,27986565.498024896,Earth
24443 (2000 OG),False,1.3821493588,3.0905799213,86533.6616865785,10419707.978979807,Mars
24445 (2000 PM8),False,3.0517923259,6.824015094,65867.750904695,27118250.36252396,Earth
24475 (2000 VN2),False,1.3949382293,3.1191767052,30952.9864002544,26833235.94708784,Earth
24761 Ahau (1993 BW2),False,0.8923905787,1.9954459964,41062.6074397187,50411396.58433338,Earth
25143 Itokawa (1998 SF36),True,0.3737274319,0.8356799428,18978.3650928352,5987213.148797547,Earth
25330 (1999 KV4),False,1.1927652464,2.6671041722,27298.3342580324,37113083.336546585,Earth
25916 (2001 CP44),False,4.6833323314,10.4722494541,15214.7554513012,276193888.58148545,Juptr
26166 (1995 QN3),False,1.1496217629,2.5706324102,0.0,0.0,UNKNOWN
26310 (1998 TX6),False,0.3703010782,0.828018383,43363.1278873631,54513092.451287724,Earth
26379 (1999 HZ1),False,0.6089126221,1.3615700154,50513.5340231101,16642486.027124122,Venus
26663 (2000 XK47),True,0.6173834405,1.3805113411,88351.3118561663,59407252.59140053,Earth
26760 (2001 KP41),False,2.1113244479,4.7210649881,22735.7052771675,251936309.73999226,Juptr
26817 (1987 QB),False,0.3361669212,0.7516920875,28871.6195926171,279960546.15085226,Juptr
27002 (1998 DV9),True,0.5788352575,1.2943149835,27315.7988971788,2265439.652763656,Earth
27031 (1998 RO4),False,0.7023522477,1.57050737,26872.4295366837,10855105.757951936,Mars
27346 (2000 DN8),False,1.7723723926,3.9631451512,72318.8385761148,67907833.53899848,Earth
29075 (1950 DA),True,0.930154254,2.0798881414,56518.8781434862,12513833.282226404,Earth
30825 (1990 TG1),False,3.0377706139,6.7926615927,27192.8720183048,231791138.90045217,Juptr
30997 (1995 UO5),False,0.9344476509,2.0894884689,0.0,0.0,UNKNOWN
31210 (1998 BX7),False,1.3949382293,3.1191767052,7551.1528621915,240426215.3941996,Juptr
31221 (1998 BP26),False,0.9474471126,2.118556149,0.0,0.0,UNKNOWN
31345 (1998 PG),False,0.7953439404,1.7784431163,0.0,0.0,UNKNOWN
31346 (1998 PB1),False,0.9830033019,2.1980622051,22005.6531182722,26580545.188301984,Earth
31662 (1999 HP11),False,0.3285148278,0.7345814866,95401.3675040572,50886203.229395345,Earth
31669 (1999 JT6),True,1.6089960451,3.5978245324,44770.8747003559,26204068.490161452,Earth
32906 (1994 RH),False,1.6464743776,3.6816286314,20795.8892226427,68783409.39216007,Earth
33342 (1998 WT24),True,0.6615382752,1.4792445531,91401.5390412103,9529364.8712769,Merc
34613 (2000 UR13),False,1.6089960451,3.5978245324,32574.4229956236,4404233.129697174,Mars
35107 (1991 VH),True,1.1131532961,2.4890864394,32471.6798877984,15268898.460818276,Earth
35396 (1997 XF11),True,1.0533070151,2.3552660868,33023.409954212,14803973.323541714,Venus
35432 (1998 BG9),False,0.3520099801,0.7871182442,41157.0281212254,69157190.26188427,Earth
35670 (1998 SU27),False,0.3240074354,0.7245026508,40124.7642940276,13939008.537057938,Earth
36017 (1999 ND43),False,0.3669061375,0.8204270649,26867.8226674644,20035522.676809326,Earth
36183 (1999 TX16),False,1.4606796427,3.2661789745,77049.9206260168,20535816.340902768,Earth
36236 (1999 VV),False,1.7161489408,3.8374256911,0.0,0.0,UNKNOWN
36284 (2000 DM8),False,2.6094860325,5.8349881551,121477.010616148,2649242.308195957,Venus
37336 (2001 RM),False,1.85590173,4.1499224279,74349.6918019873,51471475.03603549,Earth
37638 (1993 VB),True,0.3703010782,0.828018383,34603.697237761,12516468.343987945,Earth
37655 Illapa (1994 PM),True,0.7154099509,1.599705282,121443.082131479,15910810.594123786,Venus
38071 (1999 GU3),True,0.3240074354,0.7245026508,12774.0485366792,272449444.5006392,Juptr
38086 Beowulf (1999 JB),False,0.900647767,2.0139096308,76560.1102278529,61449393.20329403,Earth
38091 (1999 JT3),False,1.4606796427,3.2661789745,0.0,0.0,UNKNOWN
38239 (1999 OR3),False,0.573528464,1.2824486324,12393.046543144,268927065.41287374,Juptr
39565 (1992 SL),False,0.5402004935,1.207925025,22272.2157165434,23243075.41080617,Earth
39572 (1993 DQ1),True,1.3018321019,2.9109850751,30042.7715280733,12551178.490578955,Earth
39796 (1997 TD),False,1.9433676839,4.3455022465,0.0,0.0,UNKNOWN
40263 (1999 FQ5),False,0.7354530894,1.644523102,51730.2885916469,68407871.01673955,Earth
40267 (1999 GJ4),False,2.0727884338,4.6348958409,122816.6037065743,29728121.054499708,Earth
40329 (1999 ML),False,0.7630534787,1.7062394488,9925.8980597114,58418670.52220072,Earth
41429 (2000 GE2),True,0.1961349444,0.4385710684,51524.4368126966,12728919.699229296,Venus
41440 (2000 HZ23),False,0.2809020939,0.6281161771,25695.1900701217,69148730.90625001,Earth
42286 (2001 TN41),False,1.2547435637,2.8056919027,60207.9901225988,70989834.12134828,Earth
48603 (1995 BC2),False,0.7253622947,1.6219593992,46909.7807890381,55861580.89087922,Earth
52340 (1992 SY),False,0.6376097899,1.4257388333,32843.5239377479,15306192.132704612,Earth
52381 (1993 HA),False,0.2573682542,0.5754929116,23750.9056581633,70783425.08391538,Earth
52387 Huitzilopochtli (1993 OM7),False,0.742258153,1.659739687,43911.741750305,71777390.43246713,Earth
52689 (1998 FF2),False,0.3967847541,0.8872376825,24226.0696016772,13026588.059936384,Mars
52750 (1998 KK17),False,1.2318419127,2.7544822542,56009.1762625486,45153199.18296523,Earth
52760 (1998 ML14),True,0.8366715019,1.8708543531,36742.6282874591,13958599.126123788,Earth
52761 (1998 MN14),False,0.6800721287,1.5206875095,36278.3795406048,29095801.97436667,Earth
52762 (1998 MT24),False,2.9010484143,6.4869414603,73088.1142995661,36995267.92298255,Earth
52768 (1998 OR2),True,1.6617090174,3.7156943217,13979.6363885129,184008866.7625963,Juptr
53110 (1999 AR7),False,1.1982708007,2.6794149658,75523.5030015817,65581372.58594651,Earth
53319 (1999 JM8),True,2.2519304668,5.0354696043,29334.6272512337,274440099.13559884,Juptr
53409 (1999 LU7),False,0.477040198,1.0666943108,45968.7941452346,16076193.148738755,Venus
53426 (1999 SL5),True,0.9695159909,2.167903661,74905.1458091546,73978660.34817046,Earth
53429 (1999 TF5),True,0.4411182,0.9863702813,89235.6752490876,17139619.107098497,Earth
53430 (1999 TY16),False,1.2375278366,2.7671963667,110311.5125060903,62781821.443873376,Earth
53435 Leonard (1999 VM40),False,3.0099201655,6.7303860969,11525.1128896227,298796183.05823994,Juptr
53550 (2000 BF19),True,0.4097839804,0.9163048363,57939.4013160132,27835022.212444052,Earth
53789 (2000 ED104),True,0.900647767,2.0139096308,88029.7166751682,40406190.6735224,Earth
54071 (2000 GQ146),False,0.8680704579,1.9410645532,45199.085068093,70410161.49370608,Earth
54401 (2000 LM),False,0.9518203298,2.1283349598,34486.7031347504,54578132.75819274,Earth
54509 YORP (2000 PH5),False,0.0780827277,0.1745982871,53821.7455406947,39081284.991755575,Earth
54660 (2000 UJ1),False,0.6895328745,1.54184238,93241.3659211825,27235896.77537426,Earth
54686 (2001 DU8),False,1.2605351968,2.8186423881,57536.9963338126,8718322.128401866,Mars
54690 (2001 EB),False,0.8405334021,1.8794898244,65186.2349319949,62766280.93290182,Earth
54789 (2001 MZ7),False,2.5618575448,5.7284876188,0.0,0.0,UNKNOWN
55408 (2001 TC2),False,0.4472547654,1.0000920588,50208.8823160261,9858874.33078499,Mars
55532 (2001 WG2),False,1.5796285576,3.532156834,108922.4484113164,52685510.81918686,Earth
65674 (1988 SM),False,0.5895966084,1.3183780956,21421.6707029118,28765999.198314868,Earth
65679 (1989 UQ),True,0.3180936332,0.7112789871,34303.6636353764,10585367.349493422,Venus
65690 (1991 DG),True,0.4097839804,0.9163048363,28119.0618065309,25788000.685805846,Earth
65706 (1992 NA),False,1.2898968334,2.8842970035,31012.2949945555,10263506.021249935,Earth
65717 (1993 BX3),True,0.1780553292,0.3981438198,21422.5363557759,14796097.833434286,Earth
65733 (1993 PC),False,0.5553349116,1.2417666126,42417.9395712637,16953914.758948695,Earth
65803 Didymos (1996 GT),True,0.634680239,1.4191881584,32322.1716441879,7802131.096806111,Mars
65909 (1998 FH12),True,0.3669061375,0.8204270649,76294.9120765594,21674502.444495723,Earth
65996 (1998 MX5),False,0.5327886649,1.1913516723,21835.7528595754,214521447.46726567,Juptr
66008 (1998 QH2),False,1.7240703244,3.8551384433,122993.6283642229,11652389.790245837,Earth
66063 (1998 RO1),False,0.6230960191,1.3932850552,69168.0049425648,60336449.28781941,Earth
66146 (1998 TU3),False,3.5690692667,7.9806814968,88431.3838277647,14347367.398614787,Merc
66251 (1999 GJ2),False,1.0630531449,2.3770590956,0.0,0.0,UNKNOWN
66253 (1999 GT3),False,0.5553349116,1.2417666126,131312.1150441526,51661380.72068595,Earth
66272 (1999 JW6),False,0.9474471126,2.118556149,74498.7540020854,7630653.521053095,Mars
66391 Moshup (1999 KW4),True,1.2489785407,2.7928009194,94436.8746541344,61255494.07830285,Earth
66400 (1999 LT7),False,0.3669061375,0.8204270649,56777.3560398809,20974471.673333295,Earth
66407 (1999 LQ28),False,0.453476699,1.0140047252,41117.2364790252,24646218.729092177,Earth
66959 (1999 XO35),False,1.0878148336,2.4324279148,53924.4029597713,74115986.85449223,Earth
67367 (2000 LY27),True,1.0198938585,2.2805519975,25127.913332662,69434088.48424013,Earth
67381 (2000 OL8),True,0.2914439045,0.6516883822,46124.7267294317,47308824.45480477,Earth
67399 (2000 PJ6),False,0.5527833794,1.2360612132,42251.2259160182,7761285.717169596,Mars
68031 (2000 YK29),False,0.6288614556,1.4061769631,0.0,0.0,UNKNOWN
68063 (2000 YJ66),False,2.0537849952,4.5924028604,6162.4111174577,69358954.13585581,Earth
68216 (2001 CV26),True,1.2898968334,2.8842970035,48504.744204737,11641190.250426795,Earth
68267 (2001 EA16),False,1.0484675089,2.3444446221,87012.146048355,11176669.865147306,Earth
68278 (2001 FC7),False,0.5352479056,1.1968507018,2827.5074802415,9932744.741725473,Mars
68346 (2001 KZ66),True,1.0978802603,2.4549348932,48279.387206155,5545766.140595377,Earth
68347 (2001 KB67),True,0.2757750529,0.6166517648,57252.4768421698,59917633.250913605,Earth
68348 (2001 LO7),False,3.7372743191,8.3567994282,137580.3905856138,10239684.176109431,Merc
68350 (2001 MK3),False,1.5723708236,3.5159280475,0.0,0.0,UNKNOWN
68359 (2001 OZ13),False,0.6435095206,1.4389310323,0.0,0.0,UNKNOWN
68372 (2001 PM9),True,0.4310771239,0.9639177525,48882.3899995498,24197574.776801325,Earth
68548 (2001 XR31),True,1.2958507267,2.8976103136,56649.9307214696,13312109.492473507,Earth
68950 (2002 QF15),True,1.4013769717,3.1335741707,47855.3401095566,28346813.071238477,Earth
69230 Hermes (1937 UB),True,0.77366861,1.729975604,73931.1002519771,14783341.533300662,Venus
85182 (1991 AQ),True,0.99667824,2.2286402963,60095.7896735405,7664223.836593214,Merc
85184 (1991 JG1),False,0.5527833794,1.2360612132,64656.8572803498,26673193.587638263,Earth
85236 (1993 KH),True,0.4726666672,1.0569147985,54919.2410072831,33569316.76489973,Earth
85275 (1994 LY),False,1.3260349677,2.9651043282,39463.4694977428,22679137.93592417,Earth
85490 (1997 SE5),False,2.9144390453,6.5168838217,21804.9042538666,85423657.82410346,Juptr
85585 Mjolnir (1998 FG2),True,0.1248978541,0.2792800919,66864.509190625,47558977.10620864,Earth
85628 (1998 KV2),False,0.930154254,2.0798881414,36343.834986344,28589046.8641124,Earth
85640 (1998 OX4),True,0.1572370824,0.3515928047,22897.8770128585,17235782.712304678,Venus
85709 (1998 SG36),False,1.7480545317,3.9087687612,0.0,0.0,UNKNOWN
85713 (1998 SS49),True,1.8644681832,4.1690775995,64372.1398405063,9872429.528423771,Earth
85770 (1998 UP1),False,0.1907897226,0.4266187892,100174.5533794615,66059298.107241385,Earth
85774 (1998 UT18),True,0.4041615334,0.9037326626,29689.4568429523,32572093.249538306,Earth
85804 (1998 WQ5),False,2.2623249055,5.058712276,49212.3853520492,70533121.02450728,Earth
85818 (1998 XM4),False,2.1905591097,4.898239078,118063.0778440716,14838920.672515394,Earth
85839 (1998 YO4),False,1.2663535629,2.8316526503,0.0,0.0,UNKNOWN
85867 (1999 BY9),False,0.5815070396,1.30028927,2690.0399624875,52535327.82703792,Earth
85938 (1999 DJ4),True,0.477040198,1.0666943108,84101.3961118578,72830834.18871517,Earth
85953 (1999 FK21),False,0.6317641482,1.4126675811,74059.5991133372,19389318.356216706,Earth
85989 (1999 JD6),True,1.0246014747,2.2910785472,73217.6751482856,7772480.619454667,Earth
85990 (1999 JV6),True,0.2347226375,0.5248557734,24857.6904112802,5090804.520656555,Venus
86039 (1999 NC43),True,1.7004151927,3.8022439609,38117.2449236195,9302980.449136931,Venus
86067 (1999 RM28),False,1.3631855586,3.0481755751,0.0,0.0,UNKNOWN
86324 (1999 WA2),False,1.813656249,4.0554586606,62255.3198198983,11459548.785948962,Mars
86326 (1999 WK13),False,0.900647767,2.0139096308,0.0,0.0,UNKNOWN
86450 (2000 CK33),False,0.5451989071,1.2191018176,60504.7257967774,22468547.338829022,Earth
86666 (2000 FL10),False,1.1080388213,2.4776501261,58855.862458688,24662881.254008304,Earth
86667 (2000 FO10),False,0.8251919385,1.845185269,52215.1200138002,54867303.63076851,Earth
86819 (2000 GK137),True,0.8483107619,1.8968805296,34715.6438141379,4526817.663517664,Earth
86829 (2000 GR146),False,1.8220277059,4.0741778073,50401.6653459406,16223831.376400476,Venus
86878 (2000 HD24),False,0.777239702,1.7379608086,78100.7523159071,17624858.258820657,Venus
87024 (2000 JS66),False,0.477040198,1.0666943108,33071.7286279629,14401873.921101619,Earth
87025 (2000 JT66),False,0.6259720997,1.3997161669,74068.3586352197,56832435.56760467,Earth
87309 (2000 QP),False,0.8027031673,1.7948988478,0.0,0.0,UNKNOWN
87311 (2000 QJ1),False,1.332155667,2.978790628,37374.6109116294,13174570.168221874,Venus
87684 (2000 SY2),True,1.7004151927,3.8022439609,135516.7953375512,5911542.357411187,Merc
88188 (2000 XH44),False,1.6164228334,3.6144313359,22841.4793168634,36400619.77064441,Earth
88213 (2001 AF2),False,0.3377185972,0.7551617405,109760.2379824212,58264250.58925807,Earth
88254 (2001 FM129),True,0.742258153,1.659739687,74321.5944764704,74168761.61707616,Earth
88263 (2001 KQ1),False,1.9255507819,4.3056624424,77520.1826057296,9149725.135612236,Mars
88264 (2001 KN20),False,1.0533070151,2.3552660868,30265.8946106012,29810303.467172492,Earth
88710 (2001 SL9),False,0.8064082768,1.8031837245,53836.3318803692,18719703.135832477,Venus
88959 (2001 TZ44),False,0.8601119401,1.9232687664,128922.4983433039,37058416.28058546,Earth
89136 (2001 US16),True,0.233644185,0.5224442801,50702.1257816867,49892993.4548056,Earth
89355 (2001 VS78),False,1.8473746362,4.1308552663,43429.0116318048,10552090.918968918,Mars
89830 (2002 CE),True,2.6457875993,5.9161609261,93652.5168648868,27995694.27420782,Earth
89958 (2002 LY45),True,0.9606274149,2.1480282008,145064.4450005462,13394640.902017215,Venus
89959 (2002 NT7),True,1.2898968334,2.8842970035,121322.7760043272,60812529.19027252,Earth
90075 (2002 VU94),True,2.2312846442,4.9893041415,12793.9065854755,276215778.8039687,Juptr
90147 (2002 YK14),False,0.5788352575,1.2943149835,50379.4449766152,73788882.9736131,Earth
90367 (2003 LC5),False,0.6927156136,1.5489592011,59400.1912697118,24634321.10577257,Earth
90373 (2003 SZ219),False,0.4597851883,1.028110936,23374.8302996628,12328894.366538243,Mars
90403 (2003 YE45),True,0.7388477866,1.6521138758,63738.6939361872,39073880.70501907,Earth
90416 (2003 YK118),True,0.4493191996,1.004708274,42372.9951253268,19889162.97238377,Earth
96189 Pygmalion (1991 NT3),False,1.3444819516,3.0063530383,39805.5951224474,4777887.095548249,Mars
96315 (1997 AP10),False,1.0340819954,2.312277636,63206.7661070442,23892912.86526961,Earth
96536 (1998 SO10),False,2.160503512,4.8310327184,45636.917089936,246242343.0632614,Juptr
96590 (1998 XB),False,1.474195145,3.2964005564,41338.5812911901,15731167.757189153,Venus
96631 (1999 FP59),False,0.6173834405,1.3805113411,16007.2020503383,6484159.246394212,Mars
96744 (1999 OW3),False,2.9414060178,6.5771838053,153006.6092831204,13794614.92263886,Merc
97725 (2000 GB147),False,0.4726666672,1.0569147985,37172.7896861311,51421084.280067675,Earth
98943 Torifune (2001 CC21),False,0.4814541966,1.0765643117,7199.8253124929,12513179.36001706,Venus
99248 (2001 KY66),True,1.3078410858,2.9244215717,42793.1445157592,6358273.626135154,Earth
